MSG_EEG_POWER_DELTA_1,MSG_EEG_POWER_DELTA_2,MSG_EEG_POWER_DELTA_3,MSG_EEG_POWER_DELTA_sd,MSG_EEG_POWER_DELTA_diff1,MSG_EEG_POWER_DELTA_diff2,MSG_EEG_POWER_HIGHALPHA_1,MSG_EEG_POWER_HIGHALPHA_2,MSG_EEG_POWER_HIGHALPHA_3,MSG_EEG_POWER_HIGHALPHA_sd,MSG_EEG_POWER_HIGHALPHA_diff1,MSG_EEG_POWER_HIGHALPHA_diff2,MSG_EEG_POWER_HIGHBETA_1,MSG_EEG_POWER_HIGHBETA_2,MSG_EEG_POWER_HIGHBETA_3,MSG_EEG_POWER_HIGHBETA_sd,MSG_EEG_POWER_HIGHBETA_diff1,MSG_EEG_POWER_HIGHBETA_diff2,MSG_EEG_POWER_LOWALPHA_1,MSG_EEG_POWER_LOWALPHA_2,MSG_EEG_POWER_LOWALPHA_3,MSG_EEG_POWER_LOWALPHA_sd,MSG_EEG_POWER_LOWALPHA_diff1,MSG_EEG_POWER_LOWALPHA_diff2
178006,1185623,619113,412418.474669,1007617,4755,2385,10247,16753789,7894835.13647,-566510,12456,2062,13501,32030,12347.989427,7862,3165,4210,15889,16756883,7894534.46064,16743542,16767909
904904,481739,681210,172850.707163,-423165,-3666,8582,16768945,3267,7902163.94372,199471,-16286,16746915,22047,6111,7887937.21901,16760363,-13857,16763237,27820,5646,7894382.8833,-16765678,-6650
876162,1019792,1124546,101815.513374,143630,-11593,16368,7223,29977,9348.68037033,104754,16769592,9803,6042,84315,36044.487626,-9145,-11948,31554,14057,152122,61377.4586364,22754,88535
870256,1009667,572941,182135.857481,139411,16759820,22602,16766771,11146,7895978.55368,-436726,-16752912,20685,16772033,23249,7896056.90533,16744169,16724833,7001,16749242,31995,7886483.55424,-16755625,-16738567
